--
-- PostgreSQL database dump
--

SET statement_timeout = 0;
SET lock_timeout = 0;
SET client_encoding = 'UTF8';
SET standard_conforming_strings = on;
SET check_function_bodies = false;
SET client_min_messages = warning;
SET search_path TO schema01;



SET default_tablespace = '';

SET default_with_oids = false;


---
--- drop tables
---


DROP TABLE IF EXISTS employee_territories;
DROP TABLE IF EXISTS us_states;
DROP TABLE IF EXISTS region;
DROP TABLE IF EXISTS employees;


--
-- Name: employees; Type: TABLE; Schema: schema01; Owner: -; Tablespace: 
--

CREATE TABLE schema01.employees (
    employee_id smallint NOT NULL,
    last_name character varying(20) NOT NULL,
    first_name character varying(10) NOT NULL,
    title character varying(30),
    title_of_courtesy character varying(25),
    birth_date date,
    hire_date date,
    address character varying(60),
    city character varying(15),
    region character varying(15),
    postal_code character varying(10),
    country character varying(15),
    home_phone character varying(24),
    extension character varying(4),
    photo bytea,
    notes text,
    reports_to smallint,
    photo_path character varying(255)
);


--
-- Name: employee_territories; Type: TABLE; Schema: schema01; Owner: -; Tablespace: 
--

CREATE TABLE schema01.employee_territories (
    employee_id smallint NOT NULL,
    territory_id character varying(20) NOT NULL
);



--
-- Name: region; Type: TABLE; Schema: schema01; Owner: -; Tablespace: 
--

CREATE TABLE schema01.region (
    region_id smallint NOT NULL,
    region_description bpchar NOT NULL
);




--
-- Name: us_states; Type: TABLE; Schema: schema01; Owner: -; Tablespace: 
--

CREATE TABLE schema01.us_states (
    state_id smallint NOT NULL,
    state_name character varying(100),
    state_abbr character varying(2),
    state_region character varying(50)
);


--
-- Data for Name: employees; Type: TABLE DATA; Schema: schema01; Owner: -
--

INSERT INTO employees VALUES (1, 'Davolio', 'Nancy', 'Sales Representative', 'Ms.', '1948-12-08', '2005-05-01', '507 - 20th Ave. E.\nApt. 2A', 'Seattle', 'WA', '98122', 'USA', '(206) 555-9857', '5467', '\x', 'Education includes a BA in psychology from Colorado State University in 1970.  She also completed The Art of the Cold Call.  Nancy is a member of Toastmasters International.', 2, 'http://accweb/emmployees/davolio.bmp');
INSERT INTO employees VALUES (2, 'Fuller', 'Andrew', 'Vice President, Sales', 'Dr.', '1952-02-19', '2012-08-14', '908 W. Capital Way', 'Tacoma', 'WA', '98401', 'USA', '(206) 555-9482', '3457', '\x', 'Andrew received his BTS commercial in 1974 and a Ph.D. in international marketing from the University of Dallas in 1981.  He is fluent in French and Italian and reads German.  He joined the company as a sales representative, was promoted to sales manager in January 1992 and to vice president of sales in March 1993.  Andrew is a member of the Sales Management Roundtable, the Seattle Chamber of Commerce, and the Pacific Rim Importers Association.', NULL, 'http://accweb/emmployees/fuller.bmp');
INSERT INTO employees VALUES (3, 'Leverling', 'Janet', 'Sales Representative', 'Ms.', '1963-08-30', '2010-04-01', '722 Moss Bay Blvd.', 'Kirkland', 'WA', '98033', 'USA', '(206) 555-3412', '3355', '\x', 'Janet has a BS degree in chemistry from Boston College (1984).  She has also completed a certificate program in food retailing management.  Janet was hired as a sales associate in 1991 and promoted to sales representative in February 1992.', 2, 'http://accweb/emmployees/leverling.bmp');
INSERT INTO employees VALUES (4, 'Peacock', 'Margaret', 'Sales Representative', 'Mrs.', '1937-09-19', '2018-05-03', '4110 Old Redmond Rd.', 'Redmond', 'WA', '98052', 'USA', '(206) 555-8122', '5176', '\x', 'Margaret holds a BA in English literature from Concordia College (1958) and an MA from the American Institute of Culinary Arts (1966).  She was assigned to the London office temporarily from July through November 1992.', 2, 'http://accweb/emmployees/peacock.bmp');
INSERT INTO employees VALUES (5, 'Buchanan', 'Steven', 'Sales Manager', 'Mr.', '1955-03-04', '2011-10-17', '14 Garrett Hill', 'London', NULL, 'SW1 8JR', 'UK', '(71) 555-4848', '3453', '\x', 'Steven Buchanan graduated from St. Andrews University, Scotland, with a BSC degree in 1976.  Upon joining the company as a sales representative in 1992, he spent 6 months in an orientation program at the Seattle office and then returned to his permanent post in London.  He was promoted to sales manager in March 1993.  Mr. Buchanan has completed the courses Successful Telemarketing and International Sales Management.  He is fluent in French.', 2, 'http://accweb/emmployees/buchanan.bmp');
INSERT INTO employees VALUES (6, 'Suyama', 'Michael', 'Sales Representative', 'Mr.', '1963-07-02', '2013-10-17', 'Coventry House\nMiner Rd.', 'London', NULL, 'EC2 7JR', 'UK', '(71) 555-7773', '428', '\x', 'Michael is a graduate of Sussex University (MA, economics, 1983) and the University of California at Los Angeles (MBA, marketing, 1986).  He has also taken the courses Multi-Cultural Selling and Time Management for the Sales Professional.  He is fluent in Japanese and can read and write French, Portuguese, and Spanish.', 5, 'http://accweb/emmployees/davolio.bmp');
INSERT INTO employees VALUES (7, 'King', 'Robert', 'Sales Representative', 'Mr.', '1960-05-29', '2014-01-02', 'Edgeham Hollow\nWinchester Way', 'London', NULL, 'RG1 9SP', 'UK', '(71) 555-5598', '465', '\x', 'Robert King served in the Peace Corps and traveled extensively before completing his degree in English at the University of Michigan in 1992, the year he joined the company.  After completing a course entitled Selling in Europe, he was transferred to the London office in March 1993.', 5, 'http://accweb/emmployees/davolio.bmp');
INSERT INTO employees VALUES (8, 'Callahan', 'Laura', 'Inside Sales Coordinator', 'Ms.', '1958-01-09', '2014-03-05', '4726 - 11th Ave. N.E.', 'Seattle', 'WA', '98105', 'USA', '(206) 555-1189', '2344', '\x', 'Laura received a BA in psychology from the University of Washington.  She has also completed a course in business French.  She reads and writes French.', 2, 'http://accweb/emmployees/davolio.bmp');
INSERT INTO employees VALUES (9, 'Dodsworth', 'Anne', 'Sales Representative', 'Ms.', '1966-01-27', '2010-11-15', '7 Houndstooth Rd.', 'London', NULL, 'WG2 7LT', 'UK', '(71) 555-4444', '452', '\x', 'Anne has a BA degree in English from St. Lawrence College.  She is fluent in French and German.', 5, 'http://accweb/emmployees/davolio.bmp');


--
-- Data for Name: employee_territories; Type: TABLE DATA; Schema: schema01; Owner: -
--

INSERT INTO employee_territories VALUES (1, '06897');
INSERT INTO employee_territories VALUES (1, '19713');
INSERT INTO employee_territories VALUES (2, '01581');
INSERT INTO employee_territories VALUES (2, '01730');
INSERT INTO employee_territories VALUES (2, '01833');
INSERT INTO employee_territories VALUES (2, '02116');
INSERT INTO employee_territories VALUES (2, '02139');
INSERT INTO employee_territories VALUES (2, '02184');
INSERT INTO employee_territories VALUES (2, '40222');
INSERT INTO employee_territories VALUES (3, '30346');
INSERT INTO employee_territories VALUES (3, '31406');
INSERT INTO employee_territories VALUES (3, '32859');
INSERT INTO employee_territories VALUES (3, '33607');
INSERT INTO employee_territories VALUES (4, '20852');
INSERT INTO employee_territories VALUES (4, '27403');
INSERT INTO employee_territories VALUES (4, '27511');
INSERT INTO employee_territories VALUES (5, '02903');
INSERT INTO employee_territories VALUES (5, '07960');
INSERT INTO employee_territories VALUES (5, '08837');
INSERT INTO employee_territories VALUES (5, '10019');
INSERT INTO employee_territories VALUES (5, '10038');
INSERT INTO employee_territories VALUES (5, '11747');
INSERT INTO employee_territories VALUES (5, '14450');
INSERT INTO employee_territories VALUES (6, '85014');
INSERT INTO employee_territories VALUES (6, '85251');
INSERT INTO employee_territories VALUES (6, '98004');
INSERT INTO employee_territories VALUES (6, '98052');
INSERT INTO employee_territories VALUES (6, '98104');
INSERT INTO employee_territories VALUES (7, '60179');
INSERT INTO employee_territories VALUES (7, '60601');
INSERT INTO employee_territories VALUES (7, '80202');
INSERT INTO employee_territories VALUES (7, '80909');
INSERT INTO employee_territories VALUES (7, '90405');
INSERT INTO employee_territories VALUES (7, '94025');
INSERT INTO employee_territories VALUES (7, '94105');
INSERT INTO employee_territories VALUES (7, '95008');
INSERT INTO employee_territories VALUES (7, '95054');
INSERT INTO employee_territories VALUES (7, '95060');
INSERT INTO employee_territories VALUES (8, '19428');
INSERT INTO employee_territories VALUES (8, '44122');
INSERT INTO employee_territories VALUES (8, '45839');
INSERT INTO employee_territories VALUES (8, '53404');
INSERT INTO employee_territories VALUES (9, '03049');
INSERT INTO employee_territories VALUES (9, '03801');
INSERT INTO employee_territories VALUES (9, '48075');
INSERT INTO employee_territories VALUES (9, '48084');
INSERT INTO employee_territories VALUES (9, '48304');
INSERT INTO employee_territories VALUES (9, '55113');
INSERT INTO employee_territories VALUES (9, '55439');


--
-- Data for Name: region; Type: TABLE DATA; Schema: schema01; Owner: -
--

INSERT INTO region VALUES (1, 'Eastern');
INSERT INTO region VALUES (2, 'Western');
INSERT INTO region VALUES (3, 'Northern');
INSERT INTO region VALUES (4, 'Southern');


--
-- Data for Name: us_states; Type: TABLE DATA; Schema: schema01; Owner: -
--

INSERT INTO us_states VALUES (1, 'Alabama', 'AL', 'south');
INSERT INTO us_states VALUES (2, 'Alaska', 'AK', 'north');
INSERT INTO us_states VALUES (3, 'Arizona', 'AZ', 'west');
INSERT INTO us_states VALUES (4, 'Arkansas', 'AR', 'south');
INSERT INTO us_states VALUES (5, 'California', 'CA', 'west');
INSERT INTO us_states VALUES (6, 'Colorado', 'CO', 'west');
INSERT INTO us_states VALUES (7, 'Connecticut', 'CT', 'east');
INSERT INTO us_states VALUES (8, 'Delaware', 'DE', 'east');
INSERT INTO us_states VALUES (9, 'District of Columbia', 'DC', 'east');
INSERT INTO us_states VALUES (10, 'Florida', 'FL', 'south');
INSERT INTO us_states VALUES (11, 'Georgia', 'GA', 'south');
INSERT INTO us_states VALUES (12, 'Hawaii', 'HI', 'west');
INSERT INTO us_states VALUES (13, 'Idaho', 'ID', 'midwest');
INSERT INTO us_states VALUES (14, 'Illinois', 'IL', 'midwest');
INSERT INTO us_states VALUES (15, 'Indiana', 'IN', 'midwest');
INSERT INTO us_states VALUES (16, 'Iowa', 'IO', 'midwest');
INSERT INTO us_states VALUES (17, 'Kansas', 'KS', 'midwest');
INSERT INTO us_states VALUES (18, 'Kentucky', 'KY', 'south');
INSERT INTO us_states VALUES (19, 'Louisiana', 'LA', 'south');
INSERT INTO us_states VALUES (20, 'Maine', 'ME', 'north');
INSERT INTO us_states VALUES (21, 'Maryland', 'MD', 'east');
INSERT INTO us_states VALUES (22, 'Massachusetts', 'MA', 'north');
INSERT INTO us_states VALUES (23, 'Michigan', 'MI', 'north');
INSERT INTO us_states VALUES (24, 'Minnesota', 'MN', 'north');
INSERT INTO us_states VALUES (25, 'Mississippi', 'MS', 'south');
INSERT INTO us_states VALUES (26, 'Missouri', 'MO', 'south');
INSERT INTO us_states VALUES (27, 'Montana', 'MT', 'west');
INSERT INTO us_states VALUES (28, 'Nebraska', 'NE', 'midwest');
INSERT INTO us_states VALUES (29, 'Nevada', 'NV', 'west');
INSERT INTO us_states VALUES (30, 'New Hampshire', 'NH', 'east');
INSERT INTO us_states VALUES (31, 'New Jersey', 'NJ', 'east');
INSERT INTO us_states VALUES (32, 'New Mexico', 'NM', 'west');
INSERT INTO us_states VALUES (33, 'New York', 'NY', 'east');
INSERT INTO us_states VALUES (34, 'North Carolina', 'NC', 'east');
INSERT INTO us_states VALUES (35, 'North Dakota', 'ND', 'midwest');
INSERT INTO us_states VALUES (36, 'Ohio', 'OH', 'midwest');
INSERT INTO us_states VALUES (37, 'Oklahoma', 'OK', 'midwest');
INSERT INTO us_states VALUES (38, 'Oregon', 'OR', 'west');
INSERT INTO us_states VALUES (39, 'Pennsylvania', 'PA', 'east');
INSERT INTO us_states VALUES (40, 'Rhode Island', 'RI', 'east');
INSERT INTO us_states VALUES (41, 'South Carolina', 'SC', 'east');
INSERT INTO us_states VALUES (42, 'South Dakota', 'SD', 'midwest');
INSERT INTO us_states VALUES (43, 'Tennessee', 'TN', 'midwest');
INSERT INTO us_states VALUES (44, 'Texas', 'TX', 'west');
INSERT INTO us_states VALUES (45, 'Utah', 'UT', 'west');
INSERT INTO us_states VALUES (46, 'Vermont', 'VT', 'east');
INSERT INTO us_states VALUES (47, 'Virginia', 'VA', 'east');
INSERT INTO us_states VALUES (48, 'Washington', 'WA', 'west');
INSERT INTO us_states VALUES (49, 'West Virginia', 'WV', 'south');
INSERT INTO us_states VALUES (50, 'Wisconsin', 'WI', 'midwest');
INSERT INTO us_states VALUES (51, 'Wyoming', 'WY', 'west');


--
-- Name: pk_employees; Type: CONSTRAINT; Schema: schema01; Owner: -; Tablespace: 
--

ALTER TABLE ONLY employees
    ADD CONSTRAINT pk_employees PRIMARY KEY (employee_id);


--
-- Name: pk_employee_territories; Type: CONSTRAINT; Schema: schema01; Owner: -; Tablespace: 
--

ALTER TABLE ONLY employee_territories
    ADD CONSTRAINT pk_employee_territories PRIMARY KEY (employee_id, territory_id);


--
-- Name: pk_region; Type: CONSTRAINT; Schema: schema01; Owner: -; Tablespace: 
--

ALTER TABLE ONLY region
    ADD CONSTRAINT pk_region PRIMARY KEY (region_id);



--
-- Name: pk_usstates; Type: CONSTRAINT; Schema: schema01; Owner: -; Tablespace: 
--

ALTER TABLE ONLY us_states
    ADD CONSTRAINT pk_usstates PRIMARY KEY (state_id);




--
-- Name: fk_employees_employees; Type: Constraint; Schema: -; Owner: -
--

ALTER TABLE ONLY employees
    ADD CONSTRAINT fk_employees_employees FOREIGN KEY (reports_to) REFERENCES employees;

    
--
-- PostgreSQL database dump complete
--

